﻿Designator,Footprint,Quantity,Value,LCSC Part #
"C1, C12, C14, C2, C3, C4",0603,6,0.1uF,
"C10, C26",0603,2,0.01uF,
C11,0603,1,10uF,
"C13, C15",0603,2,22uF,
"C16, C17",0603,2,4.7uF,
C18,0603,1,100nF,
"C19, C20",0603,2,1u,
"C22, C23",0603,2,12uF,
"C24, C8",0603,2,1uF,
"C25, C9",0603,2,2.2uF,
C5,0402,1,1u,C52923
"D1, D2",D_DO-35_SOD27_P7.62mm_Horizontal,2,1N4148,
D3,D_DO-41_SOD81_P10.16mm_Horizontal,1,1N5819,
D4,D_SMA,1,D_Zener,
D5,0603,1,CHG_STAT,
D6,0603,1,CHG_DONE,
IC1,QFN50P300X300X100-17N-D,1,TPS62130ARGTR,
J2,PinHeader_2x16_P2.54mm_Vertical,1,Conn_02x16_Odd_Even,
J3,JST_PH_B2B-PH-K_1x02_P2.00mm_Vertical,1,HC-PA-2A,
J4,USB_C_Receptacle_GCT_USB4135-GF-A_6P_TopMnt_Horizontal,1,TYPE-C 6P(040新),C2887422
L1,L_Ferrocore_DLG-0403,1,2.2uH,
L2,L_Ferrocore_DLG-0403,1,22uH,
PS1,CONV_ME2108A33P,1,ME2108A33P,
Q1,SOT-23,1,AO3401A,
R1,0402,1,1K, C11702
R10,0201,1,0.1,
"R13, R15, R2, R6, R7, R9",0201,6,10K,
"R14, R4",0201,2,330,
R16,0201,1,100K,
R3,0402,1,10K, C25744
R5,0201,1,2K,
R8,0201,1,1K,
SW1,SW-TH_SS-12D10L9,1,SW_SPDT,
"TP1, TP10, TP11, TP2, TP5, TP6, TP7, TP8, TP9",TestPoint_Pad_D1.5mm,9,TestPoint,
"U1, U2",SOT-23-6,2,TPS22929D,
U3,SSOP-10-1EP_3.9x4.9mm_P1mm_EP2.1x3.3mm,1,CH224K,C970725
"U4, U9",IC_DRV8833PWPR,2,DRV8833PWPR,
U5,MSOP-10_3x3mm_P0.5mm,1,MCP73833-xxx-UN,
U6,SOIC-8_3.9x4.9mm_P1.27mm,1,INA219AxD,
U7,SOT-23-5,1,MIC5504-3.3YM5,
