"Reference","Value","Footprint","Datasheet","Qty","DNP","Exclude from BOM","Exclude from Board"
"C1,C2,C3,C4,C12,C14","0.1uF","Capacitor_SMD:C_0603_1608Metric","~","6","","",""
"C5","1u","Capacitor_SMD:C_0402_1005Metric_Pad0.74x0.62mm_HandSolder","~","1","","",""
"C8,C24","1uF","Capacitor_SMD:C_0603_1608Metric","~","2","","",""
"C9,C25","2.2uF","Capacitor_SMD:C_0603_1608Metric","~","2","","",""
"C10,C26","0.01uF","Capacitor_SMD:C_0603_1608Metric","~","2","","",""
"C11","10uF","Capacitor_SMD:C_0603_1608Metric","~","1","","",""
"C13,C15","22uF","Capacitor_SMD:C_0603_1608Metric","~","2","","",""
"C16,C17","4.7uF","Capacitor_SMD:C_0603_1608Metric","~","2","","",""
"C18","100nF","Capacitor_SMD:C_0603_1608Metric","~","1","","",""
"C19,C20","1u","Capacitor_SMD:C_0603_1608Metric","~","2","","",""
"C22,C23","12uF","Capacitor_SMD:C_0603_1608Metric","~","2","","",""
"D1,D2","1N4148","Diode_THT:D_DO-35_SOD27_P7.62mm_Horizontal","https://assets.nexperia.com/documents/data-sheet/1N4148_1N4448.pdf","2","","",""
"D3","1N5819","Diode_THT:D_DO-41_SOD81_P10.16mm_Horizontal","http://www.vishay.com/docs/88525/1n5817.pdf","1","","",""
"D4","D_Zener","Diode_SMD:D_SMA","~","1","","",""
"D5","CHG_STAT","LED_SMD:LED_0603_1608Metric_Pad1.05x0.95mm_HandSolder","~","1","","",""
"D6","CHG_DONE","LED_SMD:LED_0603_1608Metric_Pad1.05x0.95mm_HandSolder","~","1","","",""
"IC1","TPS62130ARGTR","TSP62130ARGTR:QFN50P300X300X100-17N-D","http://www.ti.com/lit/gpn/tps62130a","1","","",""
"J2","Conn_02x16_Odd_Even","Connector_PinHeader_2.54mm:PinHeader_2x16_P2.54mm_Vertical","~","1","","",""
"J3","HC-PA-2A","Connector_JST:JST_PH_B2B-PH-K_1x02_P2.00mm_Vertical","~","1","","",""
"J4","TYPE-C 6P(040新)","Connector_USB:USB_C_Receptacle_GCT_USB4135-GF-A_6P_TopMnt_Horizontal","https://www.usb.org/sites/default/files/documents/usb_type-c.zip","1","","",""
"JP1,JP2,JP3","SolderJumper_2_Bridged","Jumper:SolderJumper-2_P1.3mm_Bridged2Bar_RoundedPad1.0x1.5mm","~","3","","Excluded from BOM",""
"JP4","SolderJumper_2_Open","Jumper:SolderJumper-2_P1.3mm_Bridged2Bar_RoundedPad1.0x1.5mm","~","1","","Excluded from BOM",""
"JP5","SolderJumper_2_Open","Jumper:SolderJumper-2_P1.3mm_Open_Pad1.0x1.5mm","~","1","","Excluded from BOM",""
"L1","2.2uH","Inductor_SMD:L_Ferrocore_DLG-0403","~","1","","",""
"L2","22uH","Inductor_SMD:L_Ferrocore_DLG-0403","~","1","","",""
"PS1","ME2108A33P","ME2108A33P:CONV_ME2108A33P","","1","","",""
"Q1","AO3401A","Package_TO_SOT_SMD:SOT-23","http://www.aosmd.com/pdfs/datasheet/AO3401A.pdf","1","","",""
"R1","1K","Resistor_SMD:R_0402_1005Metric_Pad0.72x0.64mm_HandSolder","~","1","","",""
"R2,R6,R7,R9,R13,R15","10K","Resistor_SMD:R_0201_0603Metric_Pad0.64x0.40mm_HandSolder","~","6","","",""
"R3","10K","Resistor_SMD:R_0402_1005Metric_Pad0.72x0.64mm_HandSolder","~","1","","",""
"R4,R14","330","Resistor_SMD:R_0201_0603Metric_Pad0.64x0.40mm_HandSolder","~","2","","",""
"R5","2K","Resistor_SMD:R_0201_0603Metric_Pad0.64x0.40mm_HandSolder","~","1","","",""
"R8","1K","Resistor_SMD:R_0201_0603Metric_Pad0.64x0.40mm_HandSolder","~","1","","",""
"R10","0.1","Resistor_SMD:R_0201_0603Metric_Pad0.64x0.40mm_HandSolder","~","1","","",""
"R16","100K","Resistor_SMD:R_0201_0603Metric_Pad0.64x0.40mm_HandSolder","~","1","","",""
"SW1","SW_SPDT","PCBLIB_SW-TH_SS-12D10L9_2025-04-07:SW-TH_SS-12D10L9","~","1","","",""
"TP1,TP2,TP5,TP6,TP7,TP8,TP9,TP10,TP11","TestPoint","TestPoint:TestPoint_Pad_D1.5mm","~","9","","",""
"U1,U2","TPS22929D","Package_TO_SOT_SMD:SOT-23-6","http://www.ti.com/lit/ds/symlink/tps22929d.pdf","2","","",""
"U3","CH224K","Package_SO:SSOP-10-1EP_3.9x4.9mm_P1mm_EP2.1x3.3mm","https://www.wch.cn/downloads/file/301.html","1","","",""
"U4,U9","DRV8833PWPR","DRV8833PWPR:IC_DRV8833PWPR","","2","","",""
"U5","MCP73833-xxx-UN","Package_SO:MSOP-10_3x3mm_P0.5mm","https://ww1.microchip.com/downloads/aemDocuments/documents/OTH/ProductDocuments/DataSheets/22005b.pdf","1","","",""
"U6","INA219AxD","Package_SO:SOIC-8_3.9x4.9mm_P1.27mm","http://www.ti.com/lit/ds/symlink/ina219.pdf","1","","",""
"U7","MIC5504-3.3YM5","Package_TO_SOT_SMD:SOT-23-5","http://ww1.microchip.com/downloads/en/DeviceDoc/MIC550X.pdf","1","","",""
